{
  "model_name": "decision_tree",
  "accuracy": 0.86,
  "classification_report": {
    "0": {
      "precision": 0.8264462809917356,
      "recall": 0.8928571428571429,
      "f1-score": 0.8583690987124464,
      "support": 112
    },
    "1": {
      "precision": 0.8974358974358975,
      "recall": 0.8333333333333334,
      "f1-score": 0.8641975308641975,
      "support": 126
    },
    "macro avg": {
      "precision": 0.8619410892138165,
      "recall": 0.8630952380952381,
      "f1-score": 0.8612833147883219,
      "support": 238
    },
    "weighted avg": {
      "precision": 0.864029019109233,
      "recall": 0.8613445378151261,
      "f1-score": 0.8614547392633735,
      "support": 238
    }
  },
  "confusion_matrix": [
    [
      100,
      12
    ],
    [
      21,
      105
    ]
  ]
}